,Type,group,count,percentage,left,right
0,AC>CA,A3L1,6,0.012526096033402923,AC,CA
1,AC>CA,A3L2,8,0.01805869074492099,AC,CA
2,AC>CA,A4L1,7,0.011705685618729096,AC,CA
3,AC>CA,A4L2,5,0.009174311926605505,AC,CA
4,AC>CG,A3L2,3,0.006772009029345372,AC,CG
5,AC>CG,A4L1,1,0.0016722408026755853,AC,CG
6,AC>CG,A4L2,1,0.001834862385321101,AC,CG
7,AC>CT,A3L1,6,0.012526096033402923,AC,CT
8,AC>CT,A3L2,6,0.013544018058690745,AC,CT
9,AC>CT,A4L1,5,0.008361204013377926,AC,CT
10,AC>CT,A4L2,7,0.012844036697247707,AC,CT
11,AC>GA,A3L2,1,0.002257336343115124,AC,GA
12,AC>GA,A4L1,1,0.0016722408026755853,AC,GA
13,AC>GA,A4L2,3,0.005504587155963303,AC,GA
14,AC>GG,A3L1,6,0.012526096033402923,AC,GG
15,AC>GG,A3L2,6,0.013544018058690745,AC,GG
16,AC>GG,A4L1,9,0.015050167224080268,AC,GG
17,AC>GG,A4L2,8,0.014678899082568808,AC,GG
18,AC>GT,A3L1,7,0.014613778705636743,AC,GT
19,AC>GT,A3L2,9,0.020316027088036117,AC,GT
20,AC>GT,A4L1,17,0.028428093645484948,AC,GT
21,AC>GT,A4L2,13,0.023853211009174313,AC,GT
22,AC>TA,A3L2,1,0.002257336343115124,AC,TA
23,AC>TA,A4L1,2,0.0033444816053511705,AC,TA
24,AC>TG,A3L2,1,0.002257336343115124,AC,TG
25,AC>TG,A4L1,3,0.005016722408026756,AC,TG
26,AC>TG,A4L2,6,0.011009174311926606,AC,TG
27,AC>TT,A3L1,4,0.008350730688935281,AC,TT
28,AC>TT,A3L2,6,0.013544018058690745,AC,TT
29,AC>TT,A4L1,7,0.011705685618729096,AC,TT
30,AC>TT,A4L2,3,0.005504587155963303,AC,TT
31,AT>CA,A3L1,4,0.008350730688935281,AT,CA
32,AT>CA,A3L2,1,0.002257336343115124,AT,CA
33,AT>CA,A4L1,2,0.0033444816053511705,AT,CA
34,AT>CA,A4L2,5,0.009174311926605505,AT,CA
35,AT>CC,A3L1,4,0.008350730688935281,AT,CC
36,AT>CC,A3L2,6,0.013544018058690745,AT,CC
37,AT>CC,A4L1,8,0.013377926421404682,AT,CC
38,AT>CC,A4L2,4,0.007339449541284404,AT,CC
39,AT>CG,A3L1,1,0.0020876826722338203,AT,CG
40,AT>CG,A3L2,2,0.004514672686230248,AT,CG
41,AT>CG,A4L1,2,0.0033444816053511705,AT,CG
42,AT>CG,A4L2,3,0.005504587155963303,AT,CG
43,AT>GA,A3L1,3,0.006263048016701462,AT,GA
44,AT>GA,A3L2,2,0.004514672686230248,AT,GA
45,AT>GA,A4L1,4,0.006688963210702341,AT,GA
46,AT>GA,A4L2,6,0.011009174311926606,AT,GA
47,AT>GC,A3L1,14,0.029227557411273485,AT,GC
48,AT>GC,A3L2,7,0.01580135440180587,AT,GC
49,AT>GC,A4L1,8,0.013377926421404682,AT,GC
50,AT>GC,A4L2,11,0.02018348623853211,AT,GC
51,AT>TA,A3L1,3,0.006263048016701462,AT,TA
52,AT>TA,A3L2,5,0.011286681715575621,AT,TA
53,AT>TA,A4L1,4,0.006688963210702341,AT,TA
54,AT>TA,A4L2,6,0.011009174311926606,AT,TA
55,CC>AA,A3L1,10,0.020876826722338204,CC,AA
56,CC>AA,A3L2,11,0.024830699774266364,CC,AA
57,CC>AA,A4L1,13,0.021739130434782608,CC,AA
58,CC>AA,A4L2,10,0.01834862385321101,CC,AA
59,CC>AG,A3L1,4,0.008350730688935281,CC,AG
60,CC>AG,A3L2,1,0.002257336343115124,CC,AG
61,CC>AG,A4L2,2,0.003669724770642202,CC,AG
62,CC>AT,A3L1,4,0.008350730688935281,CC,AT
63,CC>AT,A3L2,9,0.020316027088036117,CC,AT
64,CC>AT,A4L1,9,0.015050167224080268,CC,AT
65,CC>AT,A4L2,7,0.012844036697247707,CC,AT
66,CC>GA,A3L1,3,0.006263048016701462,CC,GA
67,CC>GA,A3L2,1,0.002257336343115124,CC,GA
68,CC>GA,A4L1,3,0.005016722408026756,CC,GA
69,CC>GA,A4L2,2,0.003669724770642202,CC,GA
70,CC>GG,A3L1,15,0.031315240083507306,CC,GG
71,CC>GG,A3L2,13,0.029345372460496615,CC,GG
72,CC>GG,A4L1,11,0.01839464882943144,CC,GG
73,CC>GG,A4L2,13,0.023853211009174313,CC,GG
74,CC>GT,A3L1,3,0.006263048016701462,CC,GT
75,CC>GT,A3L2,3,0.006772009029345372,CC,GT
76,CC>GT,A4L1,8,0.013377926421404682,CC,GT
77,CC>GT,A4L2,5,0.009174311926605505,CC,GT
78,CC>TA,A3L1,4,0.008350730688935281,CC,TA
79,CC>TA,A3L2,5,0.011286681715575621,CC,TA
80,CC>TA,A4L1,5,0.008361204013377926,CC,TA
81,CC>TA,A4L2,4,0.007339449541284404,CC,TA
82,CC>TG,A3L1,4,0.008350730688935281,CC,TG
83,CC>TG,A3L2,8,0.01805869074492099,CC,TG
84,CC>TG,A4L1,15,0.02508361204013378,CC,TG
85,CC>TG,A4L2,10,0.01834862385321101,CC,TG
86,CC>TT,A3L1,9,0.018789144050104383,CC,TT
87,CC>TT,A3L2,7,0.01580135440180587,CC,TT
88,CC>TT,A4L1,11,0.01839464882943144,CC,TT
89,CC>TT,A4L2,7,0.012844036697247707,CC,TT
90,CG>AT,A3L1,4,0.008350730688935281,CG,AT
91,CG>AT,A3L2,3,0.006772009029345372,CG,AT
92,CG>AT,A4L1,1,0.0016722408026755853,CG,AT
93,CG>GC,A4L1,3,0.005016722408026756,CG,GC
94,CG>GT,A3L1,3,0.006263048016701462,CG,GT
95,CG>GT,A3L2,1,0.002257336343115124,CG,GT
96,CG>GT,A4L2,2,0.003669724770642202,CG,GT
97,CG>TA,A3L1,10,0.020876826722338204,CG,TA
98,CG>TA,A3L2,9,0.020316027088036117,CG,TA
99,CG>TA,A4L1,15,0.02508361204013378,CG,TA
100,CG>TA,A4L2,8,0.014678899082568808,CG,TA
101,CG>TC,A3L1,2,0.0041753653444676405,CG,TC
102,CG>TC,A3L2,4,0.009029345372460496,CG,TC
103,CG>TC,A4L2,3,0.005504587155963303,CG,TC
104,CG>TT,A3L1,6,0.012526096033402923,CG,TT
105,CG>TT,A3L2,2,0.004514672686230248,CG,TT
106,CG>TT,A4L1,1,0.0016722408026755853,CG,TT
107,CG>TT,A4L2,3,0.005504587155963303,CG,TT
108,CT>AA,A3L1,6,0.012526096033402923,CT,AA
109,CT>AA,A3L2,6,0.013544018058690745,CT,AA
110,CT>AA,A4L1,16,0.026755852842809364,CT,AA
111,CT>AA,A4L2,13,0.023853211009174313,CT,AA
112,CT>AC,A3L1,7,0.014613778705636743,CT,AC
113,CT>AC,A3L2,6,0.013544018058690745,CT,AC
114,CT>AC,A4L1,7,0.011705685618729096,CT,AC
115,CT>AC,A4L2,6,0.011009174311926606,CT,AC
116,CT>AG,A3L1,6,0.012526096033402923,CT,AG
117,CT>AG,A3L2,3,0.006772009029345372,CT,AG
118,CT>AG,A4L1,8,0.013377926421404682,CT,AG
119,CT>AG,A4L2,3,0.005504587155963303,CT,AG
120,CT>GA,A3L1,3,0.006263048016701462,CT,GA
121,CT>GA,A3L2,2,0.004514672686230248,CT,GA
122,CT>GA,A4L1,4,0.006688963210702341,CT,GA
123,CT>GA,A4L2,1,0.001834862385321101,CT,GA
124,CT>GC,A3L1,7,0.014613778705636743,CT,GC
125,CT>GC,A3L2,5,0.011286681715575621,CT,GC
126,CT>GC,A4L1,7,0.011705685618729096,CT,GC
127,CT>GC,A4L2,4,0.007339449541284404,CT,GC
128,CT>GG,A3L1,8,0.016701461377870562,CT,GG
129,CT>GG,A3L2,6,0.013544018058690745,CT,GG
130,CT>GG,A4L1,7,0.011705685618729096,CT,GG
131,CT>GG,A4L2,12,0.022018348623853212,CT,GG
132,CT>TA,A3L1,3,0.006263048016701462,CT,TA
133,CT>TA,A3L2,1,0.002257336343115124,CT,TA
134,CT>TA,A4L1,2,0.0033444816053511705,CT,TA
135,CT>TA,A4L2,2,0.003669724770642202,CT,TA
136,CT>TC,A3L1,13,0.027139874739039668,CT,TC
137,CT>TC,A3L2,8,0.01805869074492099,CT,TC
138,CT>TC,A4L1,14,0.023411371237458192,CT,TC
139,CT>TC,A4L2,15,0.027522935779816515,CT,TC
140,CT>TG,A3L1,13,0.027139874739039668,CT,TG
141,CT>TG,A3L2,12,0.02708803611738149,CT,TG
142,CT>TG,A4L1,21,0.03511705685618729,CT,TG
143,CT>TG,A4L2,15,0.027522935779816515,CT,TG
144,GC>AA,A3L1,9,0.018789144050104383,GC,AA
145,GC>AA,A3L2,3,0.006772009029345372,GC,AA
146,GC>AA,A4L1,6,0.010033444816053512,GC,AA
147,GC>AA,A4L2,4,0.007339449541284404,GC,AA
148,GC>AG,A3L1,4,0.008350730688935281,GC,AG
149,GC>AG,A3L2,3,0.006772009029345372,GC,AG
150,GC>AG,A4L1,4,0.006688963210702341,GC,AG
151,GC>AG,A4L2,6,0.011009174311926606,GC,AG
152,GC>AT,A3L1,7,0.014613778705636743,GC,AT
153,GC>AT,A3L2,11,0.024830699774266364,GC,AT
154,GC>AT,A4L1,12,0.020066889632107024,GC,AT
155,GC>AT,A4L2,16,0.029357798165137616,GC,AT
156,GC>CA,A3L1,2,0.0041753653444676405,GC,CA
157,GC>CA,A4L1,2,0.0033444816053511705,GC,CA
158,GC>CA,A4L2,2,0.003669724770642202,GC,CA
159,GC>CG,A3L2,1,0.002257336343115124,GC,CG
160,GC>CG,A4L2,2,0.003669724770642202,GC,CG
161,GC>TA,A3L1,2,0.0041753653444676405,GC,TA
162,GC>TA,A3L2,4,0.009029345372460496,GC,TA
163,GC>TA,A4L1,3,0.005016722408026756,GC,TA
164,GC>TA,A4L2,2,0.003669724770642202,GC,TA
165,TA>AT,A3L1,11,0.022964509394572025,TA,AT
166,TA>AT,A3L2,6,0.013544018058690745,TA,AT
167,TA>AT,A4L1,6,0.010033444816053512,TA,AT
168,TA>AT,A4L2,9,0.01651376146788991,TA,AT
169,TA>CG,A3L1,6,0.012526096033402923,TA,CG
170,TA>CG,A3L2,4,0.009029345372460496,TA,CG
171,TA>CG,A4L1,10,0.016722408026755852,TA,CG
172,TA>CG,A4L2,10,0.01834862385321101,TA,CG
173,TA>CT,A3L1,5,0.010438413361169102,TA,CT
174,TA>CT,A3L2,3,0.006772009029345372,TA,CT
175,TA>CT,A4L1,3,0.005016722408026756,TA,CT
176,TA>CT,A4L2,5,0.009174311926605505,TA,CT
177,TA>GC,A4L1,2,0.0033444816053511705,TA,GC
178,TA>GC,A4L2,1,0.001834862385321101,TA,GC
179,TA>GG,A3L1,3,0.006263048016701462,TA,GG
180,TA>GG,A3L2,4,0.009029345372460496,TA,GG
181,TA>GG,A4L1,4,0.006688963210702341,TA,GG
182,TA>GG,A4L2,4,0.007339449541284404,TA,GG
183,TA>GT,A3L1,2,0.0041753653444676405,TA,GT
184,TA>GT,A3L2,2,0.004514672686230248,TA,GT
185,TA>GT,A4L2,1,0.001834862385321101,TA,GT
186,TC>AA,A3L1,24,0.05010438413361169,TC,AA
187,TC>AA,A3L2,25,0.056433408577878104,TC,AA
188,TC>AA,A4L1,28,0.046822742474916385,TC,AA
189,TC>AA,A4L2,22,0.04036697247706422,TC,AA
190,TC>AG,A3L1,6,0.012526096033402923,TC,AG
191,TC>AG,A3L2,5,0.011286681715575621,TC,AG
192,TC>AG,A4L1,4,0.006688963210702341,TC,AG
193,TC>AG,A4L2,4,0.007339449541284404,TC,AG
194,TC>AT,A3L1,6,0.012526096033402923,TC,AT
195,TC>AT,A3L2,5,0.011286681715575621,TC,AT
196,TC>AT,A4L1,6,0.010033444816053512,TC,AT
197,TC>AT,A4L2,9,0.01651376146788991,TC,AT
198,TC>CA,A3L1,3,0.006263048016701462,TC,CA
199,TC>CA,A3L2,2,0.004514672686230248,TC,CA
200,TC>CA,A4L1,8,0.013377926421404682,TC,CA
201,TC>CA,A4L2,4,0.007339449541284404,TC,CA
202,TC>CG,A3L1,3,0.006263048016701462,TC,CG
203,TC>CG,A3L2,2,0.004514672686230248,TC,CG
204,TC>CG,A4L1,3,0.005016722408026756,TC,CG
205,TC>CG,A4L2,2,0.003669724770642202,TC,CG
206,TC>CT,A3L1,14,0.029227557411273485,TC,CT
207,TC>CT,A3L2,11,0.024830699774266364,TC,CT
208,TC>CT,A4L1,20,0.033444816053511704,TC,CT
209,TC>CT,A4L2,13,0.023853211009174313,TC,CT
210,TC>GA,A3L1,1,0.0020876826722338203,TC,GA
211,TC>GA,A3L2,1,0.002257336343115124,TC,GA
212,TC>GA,A4L1,3,0.005016722408026756,TC,GA
213,TC>GG,A3L1,4,0.008350730688935281,TC,GG
214,TC>GG,A3L2,5,0.011286681715575621,TC,GG
215,TC>GG,A4L1,4,0.006688963210702341,TC,GG
216,TC>GG,A4L2,1,0.001834862385321101,TC,GG
217,TC>GT,A3L1,6,0.012526096033402923,TC,GT
218,TC>GT,A4L1,4,0.006688963210702341,TC,GT
219,TC>GT,A4L2,5,0.009174311926605505,TC,GT
220,TG>AA,A3L1,6,0.012526096033402923,TG,AA
221,TG>AA,A3L2,7,0.01580135440180587,TG,AA
222,TG>AA,A4L1,8,0.013377926421404682,TG,AA
223,TG>AA,A4L2,7,0.012844036697247707,TG,AA
224,TG>AC,A3L1,1,0.0020876826722338203,TG,AC
225,TG>AC,A3L2,3,0.006772009029345372,TG,AC
226,TG>AC,A4L1,5,0.008361204013377926,TG,AC
227,TG>AC,A4L2,3,0.005504587155963303,TG,AC
228,TG>AT,A3L1,6,0.012526096033402923,TG,AT
229,TG>AT,A3L2,8,0.01805869074492099,TG,AT
230,TG>AT,A4L1,3,0.005016722408026756,TG,AT
231,TG>AT,A4L2,3,0.005504587155963303,TG,AT
232,TG>CA,A3L1,79,0.1649269311064718,TG,CA
233,TG>CA,A3L2,65,0.14672686230248308,TG,CA
234,TG>CA,A4L1,100,0.16722408026755853,TG,CA
235,TG>CA,A4L2,84,0.15412844036697249,TG,CA
236,TG>CC,A3L1,10,0.020876826722338204,TG,CC
237,TG>CC,A3L2,6,0.013544018058690745,TG,CC
238,TG>CC,A4L1,19,0.03177257525083612,TG,CC
239,TG>CC,A4L2,21,0.03853211009174312,TG,CC
240,TG>CT,A3L1,8,0.016701461377870562,TG,CT
241,TG>CT,A3L2,15,0.033860045146726865,TG,CT
242,TG>CT,A4L1,18,0.030100334448160536,TG,CT
243,TG>CT,A4L2,15,0.027522935779816515,TG,CT
244,TG>GA,A3L1,1,0.0020876826722338203,TG,GA
245,TG>GA,A3L2,3,0.006772009029345372,TG,GA
246,TG>GA,A4L1,4,0.006688963210702341,TG,GA
247,TG>GA,A4L2,7,0.012844036697247707,TG,GA
248,TG>GC,A4L2,2,0.003669724770642202,TG,GC
249,TG>GT,A3L1,1,0.0020876826722338203,TG,GT
250,TG>GT,A3L2,7,0.01580135440180587,TG,GT
251,TG>GT,A4L1,5,0.008361204013377926,TG,GT
252,TG>GT,A4L2,9,0.01651376146788991,TG,GT
253,TT>AA,A3L1,5,0.010438413361169102,TT,AA
254,TT>AA,A3L2,5,0.011286681715575621,TT,AA
255,TT>AA,A4L1,4,0.006688963210702341,TT,AA
256,TT>AA,A4L2,6,0.011009174311926606,TT,AA
257,TT>AC,A3L1,7,0.014613778705636743,TT,AC
258,TT>AC,A3L2,4,0.009029345372460496,TT,AC
259,TT>AC,A4L1,5,0.008361204013377926,TT,AC
260,TT>AC,A4L2,5,0.009174311926605505,TT,AC
261,TT>AG,A3L2,3,0.006772009029345372,TT,AG
262,TT>AG,A4L1,3,0.005016722408026756,TT,AG
263,TT>AG,A4L2,2,0.003669724770642202,TT,AG
264,TT>CA,A3L1,6,0.012526096033402923,TT,CA
265,TT>CA,A3L2,4,0.009029345372460496,TT,CA
266,TT>CA,A4L1,4,0.006688963210702341,TT,CA
267,TT>CA,A4L2,4,0.007339449541284404,TT,CA
268,TT>CC,A3L1,5,0.010438413361169102,TT,CC
269,TT>CC,A3L2,3,0.006772009029345372,TT,CC
270,TT>CC,A4L1,5,0.008361204013377926,TT,CC
271,TT>CC,A4L2,5,0.009174311926605505,TT,CC
272,TT>CG,A3L1,3,0.006263048016701462,TT,CG
273,TT>CG,A3L2,2,0.004514672686230248,TT,CG
274,TT>CG,A4L1,3,0.005016722408026756,TT,CG
275,TT>CG,A4L2,4,0.007339449541284404,TT,CG
276,TT>GA,A3L1,1,0.0020876826722338203,TT,GA
277,TT>GA,A3L2,4,0.009029345372460496,TT,GA
278,TT>GA,A4L1,1,0.0016722408026755853,TT,GA
279,TT>GA,A4L2,1,0.001834862385321101,TT,GA
280,TT>GC,A3L1,4,0.008350730688935281,TT,GC
281,TT>GC,A3L2,1,0.002257336343115124,TT,GC
282,TT>GC,A4L1,7,0.011705685618729096,TT,GC
283,TT>GC,A4L2,2,0.003669724770642202,TT,GC
284,TT>GG,A3L1,13,0.027139874739039668,TT,GG
285,TT>GG,A3L2,16,0.03611738148984198,TT,GG
286,TT>GG,A4L1,11,0.01839464882943144,TT,GG
287,TT>GG,A4L2,15,0.027522935779816515,TT,GG
