,Type,SubType,group,count,percentage
0,C>A,ACA,A3L1,527,0.019419264499963153
1,C>A,ACA,A3L2,461,0.017577976054297263
2,C>A,ACA,A4L1,612,0.020173385634703497
3,C>A,ACA,A4L2,527,0.018007243900772227
4,C>A,ACC,A3L1,171,0.006301127570196772
5,C>A,ACC,A3L2,188,0.007168458781362007
6,C>A,ACC,A4L1,218,0.007185944556152553
7,C>A,ACC,A4L2,204,0.0069705460261053785
8,C>A,ACG,A3L1,98,0.003611172525609846
9,C>A,ACG,A3L2,94,0.0035842293906810036
10,C>A,ACG,A4L1,110,0.0036259353264989948
11,C>A,ACG,A4L2,99,0.0033827649832570217
12,C>A,ACT,A3L1,329,0.012123222050261626
13,C>A,ACT,A3L2,321,0.012239762068176618
14,C>A,ACT,A4L1,377,0.012427069255364737
15,C>A,ACT,A4L2,346,0.011822592769766965
16,C>A,CCA,A3L1,781,0.028778834107156016
17,C>A,CCA,A3L2,756,0.028826355525051476
18,C>A,CCA,A4L1,1329,0.0438078913537924
19,C>A,CCA,A4L2,1212,0.0414132440374496
20,C>A,CCC,A3L1,573,0.021114304665045325
21,C>A,CCC,A3L2,513,0.01956074124914207
22,C>A,CCC,A4L1,906,0.029864521870982628
23,C>A,CCC,A4L2,788,0.026925442492995284
24,C>A,CCG,A3L1,178,0.00655906846488319
25,C>A,CCG,A3L2,181,0.006901548082055975
26,C>A,CCG,A4L1,248,0.008174836008834096
27,C>A,CCG,A4L2,286,0.009772432173853618
28,C>A,CCT,A3L1,695,0.02560984597243717
29,C>A,CCT,A3L2,607,0.023144970639823077
30,C>A,CCT,A4L1,1137,0.03747898605663052
31,C>A,CCT,A4L2,1080,0.036902890726440235
32,C>A,GCA,A3L1,285,0.010501879283661288
33,C>A,GCA,A3L2,271,0.010333257073133532
34,C>A,GCA,A4L1,400,0.013185219369087254
35,C>A,GCA,A4L2,429,0.014658648260780428
36,C>A,GCC,A3L1,184,0.0067801606603286905
37,C>A,GCC,A3L2,197,0.007511629680469763
38,C>A,GCC,A4L1,306,0.010086692817351748
39,C>A,GCC,A4L2,321,0.010968359188136404
40,C>A,GCG,A3L1,77,0.0028373498415505934
41,C>A,GCG,A3L2,66,0.0025165865934568747
42,C>A,GCG,A4L1,120,0.003955565810726176
43,C>A,GCG,A4L2,124,0.0042369985648875825
44,C>A,GCT,A3L1,265,0.009764905298842951
45,C>A,GCT,A3L2,223,0.008503012277892168
46,C>A,GCT,A4L1,448,0.014767445693377724
47,C>A,GCT,A4L2,422,0.01441946285792387
48,C>A,TCA,A3L1,538,0.019824600191613237
49,C>A,TCA,A3L2,574,0.02188667734309464
50,C>A,TCA,A4L1,897,0.029567854435178165
51,C>A,TCA,A4L2,778,0.02658374906034306
52,C>A,TCC,A3L1,394,0.014518387500921217
53,C>A,TCC,A3L2,398,0.015175779760542973
54,C>A,TCC,A4L1,626,0.02063486831262155
55,C>A,TCC,A4L2,562,0.019203170915055013
56,C>A,TCG,A3L1,124,0.004569238705873683
57,C>A,TCG,A3L2,132,0.005033173186913749
58,C>A,TCG,A4L1,187,0.006164090055048291
59,C>A,TCG,A4L2,192,0.006560513906922709
60,C>A,TCT,A3L1,622,0.022919890927850246
61,C>A,TCT,A3L2,635,0.024212613437047205
62,C>A,TCT,A4L1,892,0.029403039193064574
63,C>A,TCT,A4L2,908,0.031025763684821978
64,C>G,ACA,A3L1,233,0.008585746923133613
65,C>G,ACA,A3L2,214,0.008159841378784413
66,C>G,ACA,A4L1,237,0.007812242476184198
67,C>G,ACA,A4L2,203,0.006936376682840156
68,C>G,ACC,A3L1,81,0.0029847446385142602
69,C>G,ACC,A3L2,75,0.0028597574925646307
70,C>G,ACC,A4L1,92,0.003032600454890068
71,C>G,ACC,A4L2,94,0.0032119182669309095
72,C>G,ACG,A3L1,51,0.0018792836612867565
73,C>G,ACG,A3L2,47,0.0017921146953405018
74,C>G,ACG,A4L1,56,0.0018459307116722155
75,C>G,ACG,A4L2,61,0.002084329939178569
76,C>G,ACT,A3L1,162,0.0059694892770285205
77,C>G,ACT,A3L2,161,0.0061389460840387405
78,C>G,ACT,A4L1,158,0.005208161650789465
79,C>G,ACT,A4L2,142,0.004852046743661587
80,C>G,CCA,A3L1,119,0.004384995209669099
81,C>G,CCA,A3L2,108,0.004118050789293068
82,C>G,CCA,A4L1,114,0.003757787520189867
83,C>G,CCA,A4L2,91,0.0031094102371352424
84,C>G,CCC,A3L1,90,0.0033163829316825116
85,C>G,CCC,A3L2,73,0.002783497292762907
86,C>G,CCC,A4L1,77,0.0025381547285492963
87,C>G,CCC,A4L2,100,0.003416934326522244
88,C>G,CCG,A3L1,38,0.0014002505711548383
89,C>G,CCG,A3L2,44,0.0016777243956379165
90,C>G,CCG,A4L1,41,0.0013514849853314434
91,C>G,CCG,A4L2,48,0.0016401284767306773
92,C>G,CCT,A3L1,74,0.002726803743827843
93,C>G,CCT,A3L2,85,0.003241058491573248
94,C>G,CCT,A4L1,88,0.002900748261199196
95,C>G,CCT,A4L2,100,0.003416934326522244
96,C>G,GCA,A3L1,112,0.004127054314982681
97,C>G,GCA,A3L2,98,0.0037367497902844504
98,C>G,GCA,A4L1,108,0.003560009229653558
99,C>G,GCA,A4L2,123,0.00420282922162236
100,C>G,GCC,A3L1,75,0.0027636524430687598
101,C>G,GCC,A3L2,77,0.002936017692366354
102,C>G,GCC,A4L1,72,0.0023733394864357054
103,C>G,GCC,A4L2,63,0.002152668625709014
104,C>G,GCG,A3L1,112,0.004127054314982681
105,C>G,GCG,A3L2,128,0.004880652787310303
106,C>G,GCG,A4L1,126,0.004153344101262485
107,C>G,GCG,A4L2,146,0.004988724116722476
108,C>G,GCT,A3L1,109,0.004016508217259931
109,C>G,GCT,A3L2,118,0.004499351788301686
110,C>G,GCT,A4L1,113,0.003724824471767149
111,C>G,GCT,A4L2,103,0.0035194423563179116
112,C>G,TCA,A3L1,171,0.006301127570196772
113,C>G,TCA,A3L2,203,0.007740410279874934
114,C>G,TCA,A4L1,235,0.007746316379338761
115,C>G,TCA,A4L2,216,0.007380578145288048
116,C>G,TCC,A3L1,212,0.007811924239074361
117,C>G,TCC,A3L2,198,0.0075497597803706245
118,C>G,TCC,A4L1,234,0.007713353330916043
119,C>G,TCC,A4L2,216,0.007380578145288048
120,C>G,TCG,A3L1,138,0.005085120495246518
121,C>G,TCG,A3L2,145,0.005528864485624952
122,C>G,TCG,A4L1,155,0.00510927250552131
123,C>G,TCG,A4L2,170,0.0058087883550878155
124,C>G,TCT,A3L1,328,0.012086373351020708
125,C>G,TCT,A3L2,326,0.012430412567680927
126,C>G,TCT,A4L1,366,0.012064475722714837
127,C>G,TCT,A4L2,350,0.011959270142827855
128,C>T,ACA,A3L1,627,0.02310413442405483
129,C>T,ACA,A3L2,533,0.020323343247159308
130,C>T,ACA,A4L1,593,0.019547087714671854
131,C>T,ACA,A4L2,566,0.019339848288115902
132,C>T,ACC,A3L1,215,0.00792247033679711
133,C>T,ACC,A3L2,245,0.009341874475711127
134,C>T,ACC,A4L1,248,0.008174836008834096
135,C>T,ACC,A4L2,255,0.008713182532631723
136,C>T,ACG,A3L1,371,0.01367086741838013
137,C>T,ACG,A3L2,386,0.014718218561732633
138,C>T,ACG,A4L1,421,0.013877443385964333
139,C>T,ACG,A4L2,431,0.014726986947310873
140,C>T,ACT,A3L1,336,0.012381162944948043
141,C>T,ACT,A3L2,319,0.012163501868374895
142,C>T,ACT,A4L1,377,0.012427069255364737
143,C>T,ACT,A4L2,368,0.012574318321601859
144,C>T,CCA,A3L1,476,0.017539980838676396
145,C>T,CCA,A3L2,419,0.01597651185846107
146,C>T,CCA,A4L1,483,0.01592115238817286
147,C>T,CCA,A4L2,446,0.015239527096289208
148,C>T,CCC,A3L1,275,0.01013339229125212
149,C>T,CCC,A3L2,224,0.00854114237779303
150,C>T,CCC,A4L1,259,0.008537429541483996
151,C>T,CCC,A4L2,281,0.009601585457527506
152,C>T,CCG,A3L1,316,0.011644188960129708
153,C>T,CCG,A3L2,337,0.012849843666590406
154,C>T,CCG,A4L1,384,0.012657810594323762
155,C>T,CCG,A4L2,339,0.011583407366910409
156,C>T,CCT,A3L1,318,0.011717886358611542
157,C>T,CCT,A3L2,301,0.011477160070159384
158,C>T,CCT,A4L1,347,0.011438177802683192
159,C>T,CCT,A4L2,330,0.011275883277523406
160,C>T,GCA,A3L1,495,0.018240106124253815
161,C>T,GCA,A3L2,435,0.016586593456874858
162,C>T,GCA,A4L1,463,0.015261891419718496
163,C>T,GCA,A4L2,432,0.014761156290576095
164,C>T,GCC,A3L1,431,0.015881789372835138
165,C>T,GCC,A3L2,377,0.014375047662624875
166,C>T,GCC,A4L1,431,0.014207073870191515
167,C>T,GCC,A4L2,400,0.013667737306088976
168,C>T,GCG,A3L1,374,0.013781413516102882
169,C>T,GCG,A3L2,343,0.013078624265995577
170,C>T,GCG,A4L1,410,0.013514849853314434
171,C>T,GCG,A4L2,392,0.013394382559967197
172,C>T,GCT,A3L1,301,0.011091458471515955
173,C>T,GCT,A3L2,320,0.012201631968275757
174,C>T,GCT,A4L1,319,0.010515212446847085
175,C>T,GCT,A4L2,298,0.010182464293036288
176,C>T,TCA,A3L1,352,0.012970742132802712
177,C>T,TCA,A3L2,286,0.010905208571646457
178,C>T,TCA,A4L1,336,0.011075584270033292
179,C>T,TCA,A4L2,312,0.010660835098749401
180,C>T,TCC,A3L1,395,0.014555236200162134
181,C>T,TCC,A3L2,362,0.01380309616411195
182,C>T,TCC,A4L1,404,0.013317071562778126
183,C>T,TCC,A4L2,401,0.013701906649354199
184,C>T,TCG,A3L1,488,0.017982165229567398
185,C>T,TCG,A3L2,455,0.01734919545489209
186,C>T,TCG,A4L1,517,0.017041896034545274
187,C>T,TCG,A4L2,510,0.017426365065263447
188,C>T,TCT,A3L1,389,0.014334144004716633
189,C>T,TCT,A3L2,389,0.014832608861435217
190,C>T,TCT,A4L1,422,0.013910406434387053
191,C>T,TCT,A4L2,425,0.014521970887719539
192,T>A,ATA,A3L1,221,0.008143562532242611
193,T>A,ATA,A3L2,202,0.007702280179974072
194,T>A,ATA,A4L1,234,0.007713353330916043
195,T>A,ATA,A4L2,240,0.008200642383653386
196,T>A,ATC,A3L1,250,0.0092121748102292
197,T>A,ATC,A3L2,281,0.010714558072142149
198,T>A,ATC,A4L1,274,0.00903187526782477
199,T>A,ATC,A4L2,270,0.009225722681610059
200,T>A,ATG,A3L1,320,0.011791583757093375
201,T>A,ATG,A3L2,299,0.01140089987035766
202,T>A,ATG,A4L1,303,0.009987803672083594
203,T>A,ATG,A4L2,305,0.010421649695892845
204,T>A,ATT,A3L1,282,0.010391333185938536
205,T>A,ATT,A3L2,293,0.011172119270952489
206,T>A,ATT,A4L1,295,0.009724099284701849
207,T>A,ATT,A4L2,299,0.01021663363630151
208,T>A,CTA,A3L1,127,0.004679784803596433
209,T>A,CTA,A3L2,134,0.005109433386715473
210,T>A,CTA,A4L1,134,0.00441704848864423
211,T>A,CTA,A4L2,122,0.004168659878357138
212,T>A,CTC,A3L1,293,0.01079666887758862
213,T>A,CTC,A3L2,315,0.012010981468771447
214,T>A,CTC,A4L1,308,0.010152618914197185
215,T>A,CTC,A4L2,314,0.010729173785279846
216,T>A,CTG,A3L1,164,0.006043186675510354
217,T>A,CTG,A3L2,168,0.006405856783344772
218,T>A,CTG,A4L1,173,0.005702607377130237
219,T>A,CTG,A4L2,162,0.005535433608966036
220,T>A,CTT,A3L1,168,0.006190581472474021
221,T>A,CTT,A3L2,176,0.006710897582551666
222,T>A,CTT,A4L1,168,0.005537792135016646
223,T>A,CTT,A4L2,166,0.005672110982026925
224,T>A,GTA,A3L1,91,0.0033532316309234284
225,T>A,GTA,A3L2,76,0.002897887592465492
226,T>A,GTA,A4L1,76,0.0025051916801265782
227,T>A,GTA,A4L2,101,0.003451103669787467
228,T>A,GTC,A3L1,84,0.0030952907362370107
229,T>A,GTC,A3L2,89,0.003393578891176695
230,T>A,GTC,A4L1,91,0.00299963740646735
231,T>A,GTC,A4L2,85,0.0029043941775439078
232,T>A,GTG,A3L1,187,0.006890706758051441
233,T>A,GTG,A3L2,176,0.006710897582551666
234,T>A,GTG,A4L1,186,0.006131127006625573
235,T>A,GTG,A4L2,176,0.00601380441467915
236,T>A,GTT,A3L1,120,0.004421843908910016
237,T>A,GTT,A3L2,95,0.0036223594905818654
238,T>A,GTT,A4L1,121,0.003988528859148894
239,T>A,GTT,A4L2,139,0.00474953871386592
240,T>A,TTA,A3L1,232,0.008548898223892697
241,T>A,TTA,A3L2,219,0.008350491878288721
242,T>A,TTA,A4L1,208,0.0068563140719253715
243,T>A,TTA,A4L2,216,0.007380578145288048
244,T>A,TTC,A3L1,159,0.005858943179305771
245,T>A,TTC,A3L2,160,0.006100815984137879
246,T>A,TTC,A4L1,156,0.005142235553944029
247,T>A,TTC,A4L2,157,0.005364586892639923
248,T>A,TTG,A3L1,115,0.004237600412705432
249,T>A,TTG,A3L2,112,0.004270571188896515
250,T>A,TTG,A4L1,145,0.004779642021294129
251,T>A,TTG,A4L2,128,0.004373675937948473
252,T>A,TTT,A3L1,303,0.011165155869997789
253,T>A,TTT,A3L2,289,0.011019598871349044
254,T>A,TTT,A4L1,337,0.011108547318456011
255,T>A,TTT,A4L2,309,0.010558327068953734
256,T>C,ATA,A3L1,627,0.02310413442405483
257,T>C,ATA,A3L2,645,0.02459391443605582
258,T>C,ATA,A4L1,578,0.019052641988331082
259,T>C,ATA,A4L2,564,0.019271509601585458
260,T>C,ATC,A3L1,409,0.01507111798953497
261,T>C,ATC,A3L2,403,0.015366430260047281
262,T>C,ATC,A4L1,406,0.013382997659623561
263,T>C,ATC,A4L2,357,0.012198455545684411
264,T>C,ATG,A3L1,581,0.02140909425897266
265,T>C,ATG,A3L2,582,0.022191718142301534
266,T>C,ATG,A4L1,575,0.018953752843062926
267,T>C,ATG,A4L2,575,0.019647372377502904
268,T>C,ATT,A3L1,636,0.023435772717223084
269,T>C,ATT,A3L2,612,0.023335621139327384
270,T>C,ATT,A4L1,627,0.02066783136104427
271,T>C,ATT,A4L2,603,0.020604113988929133
272,T>C,CTA,A3L1,445,0.016397671162207975
273,T>C,CTA,A3L2,432,0.016472203157172273
274,T>C,CTA,A4L1,412,0.01358077595015987
275,T>C,CTA,A4L2,372,0.012710995694662748
276,T>C,CTC,A3L1,550,0.02026678458250424
277,T>C,CTC,A3L2,545,0.02078090444596965
278,T>C,CTC,A4L1,552,0.01819560272934041
279,T>C,CTC,A4L2,471,0.01609376067791977
280,T>C,CTG,A3L1,618,0.02277249613088658
281,T>C,CTG,A3L2,530,0.020208952947456723
282,T>C,CTG,A4L1,556,0.018327454923031283
283,T>C,CTG,A4L2,533,0.01821225996036356
284,T>C,CTT,A3L1,492,0.018129560026531065
285,T>C,CTT,A3L2,518,0.01975139174864638
286,T>C,CTT,A4L1,488,0.016085967630286448
287,T>C,CTT,A4L2,460,0.015717897902002325
288,T>C,GTA,A3L1,283,0.010428181885179454
289,T>C,GTA,A3L2,268,0.010218866773430946
290,T>C,GTA,A4L1,266,0.008768170880443023
291,T>C,GTA,A4L2,273,0.009328230711405728
292,T>C,GTC,A3L1,288,0.010612425381384037
293,T>C,GTC,A3L2,224,0.00854114237779303
294,T>C,GTC,A4L1,267,0.008801133928865742
295,T>C,GTC,A4L2,255,0.008713182532631723
296,T>C,GTG,A3L1,412,0.01518166408725772
297,T>C,GTG,A3L2,357,0.01361244566460764
298,T>C,GTG,A4L1,397,0.013086330223819099
299,T>C,GTG,A4L2,354,0.012095947515888744
300,T>C,GTT,A3L1,356,0.01311813692976638
301,T>C,GTT,A3L2,290,0.011057728971249904
302,T>C,GTT,A4L1,325,0.010712990737383393
303,T>C,GTT,A4L2,270,0.009225722681610059
304,T>C,TTA,A3L1,414,0.015255361485739553
305,T>C,TTA,A3L2,410,0.015633340959353315
306,T>C,TTA,A4L1,369,0.01216336486798299
307,T>C,TTA,A4L2,375,0.012813503724458416
308,T>C,TTC,A3L1,494,0.018203257425012897
309,T>C,TTC,A3L2,430,0.016395942957370548
310,T>C,TTC,A4L1,484,0.015954115436595577
311,T>C,TTC,A4L2,426,0.014556140230984761
312,T>C,TTG,A3L1,438,0.016139730267521555
313,T>C,TTG,A3L2,403,0.015366430260047281
314,T>C,TTG,A4L1,412,0.01358077595015987
315,T>C,TTG,A4L2,359,0.012266794232214856
316,T>C,TTT,A3L1,792,0.0291841697988061
317,T>C,TTT,A3L2,796,0.030351559521085945
318,T>C,TTT,A4L1,717,0.0236345057190889
319,T>C,TTT,A4L2,747,0.025524499419121164
320,T>G,ATA,A3L1,118,0.004348146510428182
321,T>G,ATA,A3L2,116,0.004423091588499962
322,T>G,ATA,A4L1,108,0.003560009229653558
323,T>G,ATA,A4L2,132,0.004510353311009362
324,T>G,ATC,A3L1,65,0.0023951654506595916
325,T>G,ATC,A3L2,72,0.002745367192862045
326,T>G,ATC,A4L1,85,0.002801859115931041
327,T>G,ATC,A4L2,72,0.0024601927150960158
328,T>G,ATG,A3L1,235,0.008659444321615447
329,T>G,ATG,A3L2,258,0.00983756577442233
330,T>G,ATG,A4L1,207,0.006823351023502654
331,T>G,ATG,A4L2,233,0.00796145698079683
332,T>G,ATT,A3L1,140,0.005158817893728351
333,T>G,ATT,A3L2,161,0.0061389460840387405
334,T>G,ATT,A4L1,168,0.005537792135016646
335,T>G,ATT,A4L2,181,0.006184651131005262
336,T>G,CTA,A3L1,30,0.001105460977227504
337,T>G,CTA,A3L2,45,0.0017158544955387784
338,T>G,CTA,A4L1,40,0.0013185219369087253
339,T>G,CTA,A4L2,50,0.001708467163261122
340,T>G,CTC,A3L1,58,0.0021372245559731743
341,T>G,CTC,A3L2,58,0.002211545794249981
342,T>G,CTC,A4L1,57,0.0018788937600949336
343,T>G,CTC,A4L2,66,0.002255176655504681
344,T>G,CTG,A3L1,122,0.004495541307391849
345,T>G,CTG,A3L2,101,0.003851140089987036
346,T>G,CTG,A4L1,109,0.0035929722780762767
347,T>G,CTG,A4L2,116,0.003963643818765804
348,T>G,CTT,A3L1,115,0.004237600412705432
349,T>G,CTT,A3L2,113,0.0043087012887973765
350,T>G,CTT,A4L1,93,0.0030655635033127863
351,T>G,CTT,A4L2,103,0.0035194423563179116
352,T>G,GTA,A3L1,68,0.002505711548382342
353,T>G,GTA,A3L2,56,0.0021352855944482573
354,T>G,GTA,A4L1,68,0.002241487292744833
355,T>G,GTA,A4L2,83,0.0028360554910134626
356,T>G,GTC,A3L1,43,0.0015844940673594222
357,T>G,GTC,A3L2,50,0.001906504995043087
358,T>G,GTC,A4L1,43,0.0014174110821768798
359,T>G,GTC,A4L2,52,0.001776805849791567
360,T>G,GTG,A3L1,273,0.010059694892770286
361,T>G,GTG,A3L2,332,0.012659193167086098
362,T>G,GTG,A4L1,325,0.010712990737383393
363,T>G,GTG,A4L2,360,0.01230096357548008
364,T>G,GTT,A3L1,118,0.004348146510428182
365,T>G,GTT,A3L2,154,0.005872035384732708
366,T>G,GTT,A4L1,123,0.0040544549559943304
367,T>G,GTT,A4L2,147,0.0050228934599876995
368,T>G,TTA,A3L1,75,0.0027636524430687598
369,T>G,TTA,A3L2,96,0.0036604895904827272
370,T>G,TTA,A4L1,99,0.0032633417938490953
371,T>G,TTA,A4L2,97,0.003314426296726577
372,T>G,TTC,A3L1,125,0.0046060874051146
373,T>G,TTC,A3L2,120,0.004575611988103409
374,T>G,TTC,A4L1,137,0.004515937633912385
375,T>G,TTC,A4L2,117,0.003997813162031026
376,T>G,TTG,A3L1,201,0.007406588547424276
377,T>G,TTG,A3L2,208,0.007931060779379242
378,T>G,TTG,A4L1,222,0.007317796749843426
379,T>G,TTG,A4L2,237,0.008098134353857719
380,T>G,TTT,A3L1,296,0.010907214975311372
381,T>G,TTT,A3L2,309,0.011782200869366278
382,T>G,TTT,A4L1,314,0.010350397204733493
383,T>G,TTT,A4L2,347,0.011856762113032188
